,Dist_Taxi,Dist_Market,Dist_Hospital,Carpet,Builtup,Parking,City_Category,Rainfall,House_Price
0,9796.0,5250.0,10703.0,1659.0,1961.0,Open,CAT B,530,6649000
1,8294.0,8186.0,12694.0,1461.0,1752.0,Not Provided,CAT B,210,3982000
2,11001.0,14399.0,16991.0,1340.0,1609.0,Not Provided,CAT A,720,5401000
3,8301.0,11188.0,12289.0,1451.0,1748.0,Covered,CAT B,620,5373000
4,10510.0,12629.0,13921.0,1770.0,2111.0,Not Provided,CAT B,450,4662000
5,6665.0,5142.0,9972.0,1442.0,1733.0,Open,CAT B,760,4526000
6,13153.0,11869.0,17811.0,1542.0,1858.0,No Parking,CAT A,1030,7224000
7,5882.0,9948.0,13315.0,1261.0,1507.0,Open,CAT C,1020,3772000
8,7495.0,11589.0,13370.0,1090.0,1321.0,Not Provided,CAT B,680,4631000
9,8233.0,7067.0,11400.0,1030.0,1235.0,Open,CAT C,1130,4415000
10,4278.0,10646.0,8243.0,1187.0,1439.0,Covered,CAT A,1090,7128000
11,8066.0,11149.0,12936.0,1751.0,2098.0,No Parking,CAT B,720,5762000
12,7693.0,9130.0,14684.0,1746.0,2064.0,Open,CAT B,1050,6047000
13,5236.0,10853.0,13054.0,1615.0,1931.0,Covered,CAT B,1160,5913000
14,6027.0,6707.0,10176.0,1469.0,1756.0,Open,CAT B,770,6636000
15,9648.0,14789.0,12812.0,1644.0,1950.0,Covered,CAT A,790,7887000
16,11079.0,13102.0,13076.0,1578.0,1907.0,Open,CAT A,1440,7725000
17,6698.0,11519.0,13441.0,1703.0,2045.0,Covered,CAT B,670,3817000
18,9609.0,9066.0,13304.0,1438.0,1731.0,Open,CAT A,1030,6354000
20,8155.0,8085.0,9837.0,1940.0,2340.0,Covered,CAT C,980,4019000
21,9669.0,12385.0,13589.0,1421.0,1700.0,No Parking,CAT C,370,4346000
22,11613.0,11675.0,15476.0,1458.0,1746.0,Open,CAT A,690,6889000
23,10664.0,14161.0,15076.0,1719.0,2065.0,Covered,CAT B,950,5278000
24,7309.0,7468.0,11460.0,1449.0,1752.0,Not Provided,CAT B,620,5068000
25,7103.0,9832.0,10943.0,1234.0,1488.0,No Parking,CAT B,840,4188000
26,6615.0,8178.0,12804.0,1732.0,2073.0,Not Provided,CAT C,820,7005000
27,10870.0,12040.0,15221.0,1475.0,1777.0,Open,CAT C,1100,2582000
29,11735.0,10687.0,16954.0,1390.0,1648.0,No Parking,CAT B,980,6053000
30,13441.0,13852.0,17989.0,1642.0,1943.0,No Parking,CAT B,710,7810000
31,8876.0,13372.0,15845.0,1715.0,2071.0,Open,CAT B,650,8486000
32,4066.0,9318.0,10159.0,1439.0,1746.0,Open,CAT A,990,8014000
33,8248.0,8464.0,11292.0,1250.0,1508.0,Open,CAT C,990,1492000
34,9904.0,11866.0,14566.0,1331.0,1608.0,Open,CAT B,880,6046000
35,6526.0,7876.0,11215.0,1784.0,2163.0,Covered,CAT B,620,7456000
36,6166.0,9680.0,12079.0,1375.0,1648.0,Not Provided,CAT A,1020,7243000
37,5064.0,10573.0,9796.0,1871.0,2230.0,Covered,CAT B,700,4546000
38,6712.0,10341.0,15629.0,1442.0,1744.0,Not Provided,CAT C,610,4157000
39,8317.0,13286.0,12785.0,1174.0,1411.0,Covered,CAT A,1080,6287000
40,7796.0,17101.0,16192.0,1839.0,2204.0,No Parking,CAT B,1010,5517000
41,9171.0,8368.0,12566.0,1270.0,1516.0,Not Provided,CAT B,0,4548000
43,9357.0,11584.0,14219.0,1435.0,1725.0,Open,CAT C,1250,4955000
44,8101.0,11176.0,13502.0,965.0,1152.0,Not Provided,CAT C,600,4814000
45,8794.0,12199.0,14275.0,1665.0,2001.0,No Parking,CAT A,730,6764000
46,6017.0,14147.0,12642.0,1780.0,2117.0,Open,CAT C,780,3973000
47,11265.0,12999.0,14621.0,1009.0,1194.0,Not Provided,CAT C,520,3580000
48,6407.0,10134.0,13433.0,1227.0,1471.0,No Parking,CAT A,870,4927000
50,7193.0,10163.0,10715.0,1769.0,2087.0,No Parking,CAT B,690,6651000
51,9723.0,11620.0,13693.0,1660.0,1982.0,Open,CAT B,910,6253000
52,11363.0,14001.0,17453.0,1472.0,1776.0,Open,CAT B,1260,5998000
53,13157.0,11247.0,16385.0,1408.0,1688.0,Not Provided,CAT A,1040,7635000
54,11657.0,12184.0,16450.0,1514.0,1820.0,Covered,CAT B,910,8182000
55,10269.0,7505.0,13552.0,1565.0,1880.0,Covered,CAT B,1300,5783000
56,9480.0,15910.0,16887.0,1074.0,1288.0,Not Provided,CAT B,320,7045000
57,10451.0,11465.0,16488.0,1864.0,2240.0,No Parking,CAT B,530,6700000
58,7331.0,11247.0,10787.0,1570.0,1898.0,No Parking,CAT B,980,6409000
59,8458.0,13941.0,15721.0,1417.0,1701.0,Open,CAT B,740,4867000
60,9620.0,15033.0,14775.0,1734.0,2060.0,Not Provided,CAT B,1240,6621000
61,10566.0,10728.0,16951.0,1470.0,1763.0,Covered,CAT B,1080,8366000
62,5568.0,11538.0,14767.0,1761.0,2104.0,Not Provided,CAT A,1080,7077000
63,8210.0,9740.0,12485.0,1756.0,2070.0,Open,CAT C,460,5387000
64,4533.0,6617.0,10052.0,1704.0,2045.0,No Parking,CAT A,300,7130000
66,6239.0,7326.0,9085.0,2011.0,2391.0,Not Provided,CAT C,530,4610000
67,10504.0,9938.0,13747.0,1472.0,1748.0,Open,CAT B,600,4910000
68,12715.0,10229.0,15329.0,1310.0,1561.0,Not Provided,CAT B,860,6592000
69,9472.0,9686.0,13464.0,1544.0,1821.0,Covered,CAT B,590,5866000
70,4195.0,9050.0,7517.0,1707.0,2052.0,Open,CAT B,920,6913000
71,5858.0,8114.0,11026.0,1881.0,2262.0,No Parking,CAT C,570,4908000
72,9849.0,8773.0,15371.0,1416.0,1681.0,Not Provided,CAT A,290,7271000
73,7983.0,6338.0,11916.0,1631.0,1941.0,Open,CAT B,650,3343000
74,5174.0,9293.0,10704.0,1318.0,1576.0,Covered,CAT C,710,4243000
75,7629.0,8786.0,12052.0,1692.0,2019.0,Open,CAT B,850,5665000
76,8841.0,11909.0,11625.0,1152.0,1380.0,Not Provided,CAT B,530,3358000
77,9327.0,9867.0,14244.0,891.0,1073.0,Not Provided,CAT A,630,6737000
78,6637.0,10365.0,9537.0,1468.0,1749.0,Not Provided,CAT A,700,7178000
79,4589.0,12404.0,12558.0,1539.0,1833.0,Not Provided,CAT A,650,8484000
80,9604.0,13622.0,15501.0,1635.0,1956.0,Covered,CAT A,720,8207000
81,8868.0,12356.0,13209.0,1267.0,1520.0,Not Provided,CAT B,450,2677000
82,11676.0,14735.0,15825.0,1250.0,1475.0,Open,CAT B,1390,6556000
84,5909.0,10455.0,13125.0,1720.0,2044.0,Open,CAT B,960,3866000
85,9674.0,12676.0,14459.0,1462.0,1761.0,Not Provided,CAT A,600,6566000
86,4997.0,9411.0,11468.0,1431.0,1711.0,No Parking,CAT C,620,4070000
87,9371.0,12701.0,16615.0,1539.0,1858.0,Not Provided,CAT A,1020,8891000
88,14306.0,12591.0,18029.0,1441.0,1723.0,Open,CAT B,330,5786000
89,6591.0,14567.0,13985.0,1572.0,1884.0,No Parking,CAT C,1410,4267000
90,7566.0,9599.0,16454.0,1287.0,1525.0,Not Provided,CAT A,1200,9018000
91,8463.0,8825.0,7307.0,1468.0,1760.0,Not Provided,CAT C,280,5128000
92,1200.0,7579.0,7376.0,1931.0,2342.0,Covered,CAT A,940,9726000
93,6871.0,10557.0,12097.0,1252.0,1506.0,Open,CAT B,850,3965000
94,6956.0,9048.0,11991.0,1238.0,1468.0,Open,CAT C,960,4572000
96,2222.0,10106.0,8858.0,1479.0,1758.0,Covered,CAT C,420,4206000
97,6194.0,8473.0,11978.0,1590.0,1912.0,Open,CAT B,830,6535000
98,7025.0,10344.0,11682.0,2169.0,2617.0,Open,CAT B,600,6708000
99,9233.0,12290.0,14032.0,1838.0,2205.0,Covered,CAT B,400,5403000
100,7185.0,13170.0,13904.0,1385.0,1655.0,Open,CAT A,760,5636000
101,7021.0,12206.0,14664.0,1921.0,2305.0,Covered,CAT A,1470,7712000
102,7970.0,9719.0,9695.0,1975.0,2385.0,Not Provided,CAT B,500,5081000
103,10381.0,15076.0,16590.0,1853.0,2235.0,Not Provided,CAT B,1120,6096000
104,5725.0,16967.0,11221.0,1816.0,2171.0,Open,CAT A,1160,6118000
105,13866.0,13472.0,15427.0,1785.0,2147.0,Open,CAT C,820,6366000
106,6353.0,15169.0,13058.0,1579.0,1899.0,No Parking,CAT B,1140,4119000
107,7944.0,7275.0,10843.0,1096.0,1321.0,Open,CAT A,900,7842000
108,6445.0,9455.0,10950.0,1919.0,2294.0,Not Provided,CAT A,760,6558000
109,4446.0,9575.0,9133.0,1262.0,1500.0,Not Provided,CAT A,1170,8908000
110,5320.0,9845.0,9590.0,1374.0,1655.0,Covered,CAT A,1080,9417000
111,10103.0,11932.0,16948.0,1309.0,1587.0,Not Provided,CAT B,1000,5095000
112,11517.0,11278.0,14656.0,1207.0,1434.0,Not Provided,CAT A,690,6518000
113,7388.0,15701.0,14982.0,1692.0,2031.0,Open,CAT A,810,6931000
114,11475.0,14768.0,15998.0,1929.0,2311.0,Open,CAT B,630,7921000
115,10148.0,10679.0,11618.0,1573.0,1878.0,Not Provided,CAT C,650,2374000
116,6255.0,11047.0,10332.0,1415.0,1700.0,Covered,CAT B,920,3633000
117,7018.0,7981.0,13748.0,1162.0,1382.0,Open,CAT C,1260,5170000
118,9588.0,10711.0,13963.0,1485.0,1787.0,Open,CAT B,800,6295000
119,8276.0,11728.0,11932.0,1897.0,2248.0,Not Provided,CAT A,1330,5601000
120,7739.0,12930.0,12703.0,1607.0,1927.0,No Parking,CAT B,940,4508000
121,10106.0,13805.0,16769.0,1909.0,2287.0,Not Provided,CAT B,1210,4683000
122,8510.0,10891.0,13380.0,1274.0,1503.0,Open,CAT A,660,6475000
123,5553.0,13174.0,11586.0,1157.0,1379.0,Not Provided,CAT A,770,8078000
124,7522.0,11974.0,11433.0,1712.0,2046.0,Not Provided,CAT C,460,3118000
125,8702.0,13088.0,14238.0,1500.0,1798.0,No Parking,CAT C,860,5671000
126,6777.0,9885.0,11064.0,1682.0,2017.0,Open,CAT B,780,4939000
127,7944.0,14333.0,12801.0,1441.0,1727.0,Not Provided,CAT A,890,6600000
128,1637.0,7315.0,7685.0,1525.0,1835.0,Covered,CAT C,900,3277000
129,5237.0,9949.0,9116.0,1408.0,1669.0,Not Provided,CAT B,530,4658000
130,6567.0,14955.0,13427.0,1947.0,2333.0,Open,CAT A,790,7978000
131,7293.0,6919.0,11618.0,1164.0,1390.0,Not Provided,CAT C,370,3551000
132,4415.0,9440.0,10672.0,1787.0,2137.0,Covered,CAT A,610,8097000
133,6873.0,7786.0,9520.0,1871.0,2241.0,Open,CAT B,500,6115000
134,6139.0,9882.0,10482.0,1718.0,2051.0,Open,CAT B,750,4921000
135,10772.0,9004.0,13291.0,1365.0,1636.0,Not Provided,CAT A,980,7995000
136,4233.0,10090.0,11422.0,1368.0,1654.0,No Parking,CAT A,530,6874000
137,7238.0,13882.0,13825.0,1342.0,1595.0,Open,CAT B,910,5748000
138,7066.0,15366.0,15721.0,1076.0,1270.0,Open,CAT A,620,7263000
139,8353.0,12447.0,12931.0,1396.0,1672.0,No Parking,CAT B,1170,5007000
140,11621.0,14446.0,14609.0,1713.0,2071.0,Open,CAT B,900,4049000
141,10831.0,15438.0,16525.0,1370.0,1638.0,Open,CAT B,980,5185000
142,7650.0,5591.0,10198.0,1667.0,1993.0,No Parking,CAT C,740,4284000
143,8464.0,14185.0,15235.0,1638.0,1972.0,Not Provided,CAT B,810,6094000
144,6502.0,9917.0,10173.0,1581.0,1905.0,Open,CAT B,810,6228000
145,4945.0,10098.0,9241.0,1795.0,2187.0,Open,CAT A,300,7653000
146,5123.0,8950.0,8719.0,1179.0,1412.0,Covered,CAT A,790,8513000
147,7540.0,7861.0,10544.0,1978.0,2374.0,Open,CAT B,800,4859000
148,3529.0,13267.0,9687.0,1688.0,2042.0,No Parking,CAT A,760,7308000
149,7597.0,10595.0,9399.0,1214.0,1456.0,Not Provided,CAT B,530,4895000
150,4198.0,8105.0,7609.0,1504.0,1805.0,Open,CAT C,540,4856000
151,9257.0,12705.0,15491.0,1498.0,1770.0,Not Provided,CAT B,620,5938000
152,7611.0,8008.0,11018.0,1462.0,1762.0,Open,CAT C,1010,5119000
153,9334.0,12267.0,14658.0,1442.0,1750.0,Not Provided,CAT B,130,5892000
154,3761.0,8492.0,8590.0,1250.0,1486.0,Open,CAT B,730,5036000
155,7738.0,9475.0,14329.0,1229.0,1480.0,Open,CAT C,830,3807000
156,5964.0,10763.0,12082.0,1936.0,2300.0,Covered,CAT C,1060,4917000
157,7032.0,11598.0,12267.0,1369.0,1629.0,Open,CAT C,770,3974000
159,10868.0,12273.0,14157.0,1662.0,1986.0,Open,CAT B,70,6373000
161,10100.0,11816.0,14994.0,1548.0,1855.0,Open,CAT A,670,8533000
162,10967.0,12140.0,14999.0,1649.0,1963.0,Not Provided,CAT C,490,2741000
163,11678.0,14658.0,14417.0,1393.0,1663.0,Open,CAT C,670,3732000
164,3644.0,10324.0,10264.0,1450.0,1734.0,Not Provided,CAT A,380,7112000
165,5595.0,13050.0,12267.0,1613.0,1921.0,Covered,CAT A,1200,7280000
166,10043.0,12339.0,14476.0,1408.0,1696.0,No Parking,CAT C,350,3441000
167,3050.0,11554.0,8995.0,775.0,932.0,Open,CAT C,1090,4253000
168,9487.0,10781.0,15148.0,1275.0,1534.0,Covered,CAT A,1230,5430000
169,9674.0,12730.0,15159.0,1740.0,2078.0,Open,CAT B,680,5078000
170,6373.0,8175.0,9701.0,1372.0,1657.0,Open,CAT B,580,4502000
171,6326.0,11417.0,9620.0,1414.0,1723.0,Covered,CAT A,680,6960000
172,3328.0,6678.0,9320.0,2044.0,2474.0,Open,CAT B,340,8034000
173,8509.0,10793.0,11170.0,1823.0,2176.0,Not Provided,CAT B,700,3781000
174,9963.0,10658.0,14014.0,955.0,1133.0,Not Provided,CAT C,580,4614000
175,5754.0,6031.0,9745.0,1465.0,1763.0,Not Provided,CAT A,680,9957000
176,10039.0,8836.0,15253.0,1331.0,1606.0,Open,CAT C,630,3865000
177,8738.0,12259.0,15087.0,1232.0,1487.0,Not Provided,CAT C,860,4980000
178,5736.0,11309.0,14316.0,1481.0,1765.0,No Parking,CAT A,490,6991000
179,4692.0,5460.0,7531.0,1343.0,1599.0,Open,CAT B,870,4491000
180,8391.0,12763.0,15332.0,1539.0,1837.0,Covered,CAT A,990,7847000
181,9770.0,11006.0,16758.0,1007.0,1207.0,No Parking,CAT B,670,4746000
182,7371.0,9749.0,13443.0,1762.0,2145.0,Open,CAT C,490,3346000
183,10662.0,10945.0,13294.0,1527.0,1832.0,Not Provided,CAT C,580,4409000
184,5654.0,10609.0,9842.0,1356.0,1619.0,Covered,CAT C,700,4262000
185,13166.0,11814.0,18307.0,1536.0,1848.0,No Parking,CAT B,670,6945000
186,9255.0,11812.0,14629.0,1605.0,1902.0,Not Provided,CAT B,390,7312000
187,4917.0,7195.0,9468.0,1704.0,2032.0,Covered,CAT C,590,4830000
188,7557.0,9831.0,13403.0,1626.0,1941.0,Not Provided,CAT A,1350,5809000
189,6424.0,13011.0,11082.0,1612.0,1939.0,Not Provided,CAT A,840,7425000
190,4933.0,12836.0,12107.0,1174.0,1396.0,Covered,CAT B,1100,4093000
191,7713.0,12150.0,13475.0,1923.0,2339.0,Open,CAT A,950,7093000
192,9247.0,8857.0,14642.0,1702.0,2053.0,Open,CAT A,950,6467000
193,15522.0,13528.0,20076.0,1398.0,1692.0,No Parking,CAT A,650,7742000
194,8691.0,10901.0,12693.0,1437.0,1717.0,Open,CAT B,230,3233000
195,10813.0,12852.0,16833.0,1524.0,1796.0,Open,CAT C,1060,4108000
197,10296.0,11300.0,10885.0,1660.0,1985.0,Covered,CAT C,1180,4286000
198,9834.0,14431.0,16375.0,1302.0,1569.0,Open,CAT C,710,6845000
199,8704.0,13572.0,12349.0,1666.0,2000.0,Open,CAT C,480,3973000
200,7863.0,11266.0,12375.0,1391.0,1649.0,Open,CAT A,810,8375000
201,10083.0,13322.0,15167.0,1778.0,2148.0,Open,CAT A,1140,6994000
202,11203.0,12227.0,16293.0,1462.0,1770.0,Open,CAT A,1070,6771000
203,12499.0,11966.0,17546.0,1751.0,2115.0,No Parking,CAT B,790,6736000
204,10890.0,13235.0,13935.0,1652.0,1982.0,Covered,CAT C,690,5246000
205,10502.0,12011.0,16938.0,1841.0,2215.0,Covered,CAT A,610,8876000
207,13120.0,15147.0,20263.0,1496.0,1791.0,Not Provided,CAT A,1240,6703000
208,1868.0,9951.0,9760.0,1504.0,1827.0,Open,CAT A,840,7823000
209,8643.0,12365.0,13695.0,1524.0,1808.0,Not Provided,CAT B,460,6227000
210,8121.0,9372.0,10995.0,1148.0,1371.0,Open,CAT A,940,4976000
211,11100.0,10338.0,14201.0,1468.0,1744.0,No Parking,CAT A,590,7366000
212,6126.0,8116.0,14091.0,1310.0,1558.0,Not Provided,CAT A,890,7232000
213,10187.0,12921.0,13539.0,1321.0,1579.0,Covered,CAT B,770,6889000
214,4053.0,7724.0,8975.0,992.0,1192.0,Not Provided,CAT C,900,3418000
215,9932.0,8958.0,14087.0,1540.0,1857.0,Open,CAT C,1020,5826000
216,8385.0,12977.0,14868.0,1807.0,2149.0,Not Provided,CAT B,910,3812000
217,9236.0,12932.0,14681.0,1526.0,1853.0,Open,CAT C,660,4907000
218,11195.0,16650.0,18762.0,1406.0,1677.0,Open,CAT A,480,6166000
219,11749.0,11673.0,16036.0,1703.0,2055.0,No Parking,CAT C,1080,3783000
220,5159.0,12872.0,9786.0,1575.0,1872.0,Covered,CAT C,690,5227000
221,11291.0,8711.0,14479.0,1309.0,1572.0,Open,CAT C,510,5228000
222,5312.0,12616.0,12095.0,1488.0,1807.0,Open,CAT A,1030,7081000
223,12001.0,16298.0,15585.0,1658.0,1988.0,Not Provided,CAT B,370,7153000
224,9024.0,9404.0,13234.0,1863.0,2245.0,Open,CAT A,640,7726000
225,6209.0,10808.0,11285.0,1458.0,1725.0,Not Provided,CAT A,750,7555000
226,5770.0,12932.0,13163.0,1604.0,1909.0,Open,CAT C,370,3373000
227,6697.0,8730.0,11209.0,1575.0,1899.0,Open,CAT B,840,6627000
228,5899.0,7614.0,9374.0,1525.0,1829.0,Covered,CAT A,840,5582000
229,9939.0,14835.0,15351.0,1451.0,1737.0,Open,CAT A,890,6843000
230,12336.0,14878.0,17719.0,1390.0,1687.0,Open,CAT A,620,7399000
231,10238.0,9621.0,12102.0,1442.0,1742.0,Open,CAT A,310,6280000
232,10664.0,7432.0,14294.0,1620.0,1922.0,Covered,CAT B,550,3374000
233,13071.0,15127.0,17387.0,1251.0,1527.0,Open,CAT C,380,6383000
234,7826.0,13333.0,11983.0,1318.0,1606.0,Covered,CAT C,1200,2441000
235,10539.0,14728.0,14223.0,1647.0,1962.0,No Parking,CAT A,800,7002000
236,11355.0,11024.0,16005.0,1829.0,2175.0,No Parking,CAT A,870,9224000
237,8387.0,11281.0,14879.0,1852.0,2227.0,Covered,CAT C,1220,6823000
238,12631.0,12290.0,14599.0,1699.0,2053.0,Open,CAT A,1080,8187000
239,5366.0,11566.0,12466.0,1325.0,1595.0,Open,CAT A,540,7386000
240,6571.0,10429.0,11465.0,1350.0,1634.0,Open,CAT B,880,7712000
241,5485.0,8488.0,12234.0,1347.0,1628.0,Covered,CAT A,120,7235000
242,5181.0,9038.0,10100.0,1397.0,1661.0,Open,CAT B,1410,4916000
243,8085.0,11993.0,13463.0,1245.0,1499.0,Open,CAT B,570,4565000
244,10612.0,8229.0,15696.0,1366.0,1649.0,Not Provided,CAT B,940,5278000
245,10625.0,13922.0,16123.0,1378.0,1658.0,Not Provided,CAT A,760,9096000
246,2999.0,11347.0,8760.0,1767.0,2110.0,Not Provided,CAT A,1200,6495000
247,10631.0,8780.0,15335.0,1184.0,1434.0,Not Provided,CAT C,670,4723000
248,8323.0,10395.0,11206.0,1257.0,1505.0,No Parking,CAT A,950,8325000
250,5758.0,10148.0,13301.0,1863.0,2247.0,Open,CAT C,480,5195000
251,9707.0,8985.0,13875.0,1881.0,2244.0,Open,CAT B,920,6603000
252,13392.0,13930.0,18104.0,1329.0,1609.0,Not Provided,CAT B,1150,6859000
253,4906.0,10462.0,12246.0,1539.0,1848.0,Open,CAT B,750,4714000
254,10006.0,10003.0,14751.0,1557.0,1861.0,No Parking,CAT A,370,6994000
255,6583.0,6438.0,10118.0,2007.0,2397.0,Open,CAT C,610,6589000
256,10100.0,11800.0,14304.0,1185.0,1418.0,Not Provided,CAT B,1150,8931000
257,9573.0,13264.0,16608.0,1657.0,2003.0,Not Provided,CAT B,1070,5854000
258,8231.0,10056.0,14031.0,1294.0,1539.0,Not Provided,CAT A,790,7813000
259,10213.0,13975.0,15747.0,1296.0,1559.0,No Parking,CAT A,1070,9230000
260,10437.0,13268.0,14922.0,1733.0,2097.0,Open,CAT B,730,5617000
261,6382.0,6892.0,13197.0,1641.0,1976.0,Open,CAT B,620,4605000
262,5732.0,12634.0,12938.0,1373.0,1648.0,Not Provided,CAT B,530,4339000
263,5402.0,6653.0,10474.0,1550.0,1845.0,Covered,CAT A,700,6175000
264,7911.0,13003.0,12926.0,1583.0,1907.0,Open,CAT C,680,2183000
265,8784.0,12817.0,14448.0,1428.0,1719.0,Not Provided,CAT C,1060,3980000
266,5566.0,9162.0,10429.0,1604.0,1925.0,Covered,CAT B,670,5437000
267,8228.0,13686.0,13223.0,1439.0,1735.0,Not Provided,CAT A,400,6247000
268,10414.0,11359.0,12764.0,1648.0,2003.0,Open,CAT A,910,8293000
269,12974.0,13529.0,18046.0,1025.0,1231.0,No Parking,CAT B,760,6372000
270,8712.0,10134.0,13615.0,2001.0,2394.0,Not Provided,CAT B,540,7918000
271,4616.0,9983.0,10644.0,1145.0,1370.0,Covered,CAT B,350,3821000
272,8370.0,13716.0,13115.0,1174.0,1426.0,Open,CAT C,980,2595000
273,11875.0,9962.0,14066.0,913.0,1106.0,Open,CAT A,860,5661000
274,8895.0,10317.0,12353.0,1199.0,1433.0,Not Provided,CAT A,1020,7371000
275,7653.0,11521.0,14161.0,1875.0,2254.0,Open,CAT A,1120,7040000
276,13339.0,15821.0,18449.0,1153.0,1397.0,No Parking,CAT C,1020,5044000
277,4355.0,6857.0,6316.0,1240.0,1492.0,Not Provided,CAT B,940,6684000
278,5577.0,8399.0,11778.0,1381.0,1660.0,Open,CAT B,970,5017000
280,11184.0,12656.0,14583.0,1701.0,2030.0,Covered,CAT C,830,6014000
281,12728.0,12131.0,16681.0,1206.0,1456.0,Open,CAT C,920,3713000
282,6297.0,11128.0,11198.0,1476.0,1777.0,No Parking,CAT C,660,4289000
283,7531.0,12145.0,13548.0,1189.0,1439.0,Not Provided,CAT B,780,2622000
284,9061.0,8496.0,14431.0,1837.0,2220.0,No Parking,CAT A,340,5084000
285,4637.0,8636.0,11431.0,1319.0,1571.0,No Parking,CAT C,1190,2563000
286,7573.0,9645.0,14012.0,1617.0,1901.0,Open,CAT B,490,6077000
287,6923.0,7928.0,12000.0,1631.0,1967.0,Open,CAT B,1090,6960000
288,7635.0,10625.0,12975.0,1517.0,1805.0,Covered,CAT C,1040,4174000
289,8117.0,13349.0,16226.0,1764.0,2109.0,Not Provided,CAT C,1210,5013000
290,8726.0,12035.0,10170.0,1572.0,1869.0,Open,CAT C,1030,2175000
291,10437.0,13667.0,12454.0,1855.0,2197.0,Open,CAT B,1170,8049000
292,7974.0,13932.0,12772.0,1327.0,1571.0,Not Provided,CAT B,730,3402000
293,8705.0,12027.0,14258.0,1270.0,1515.0,Open,CAT B,720,6024000
294,6573.0,11137.0,9470.0,1734.0,2073.0,Open,CAT B,500,3946000
295,11017.0,8028.0,14703.0,1533.0,1848.0,Covered,CAT B,1070,5644000
296,10517.0,9839.0,13059.0,1390.0,1646.0,Open,CAT B,800,4684000
297,5896.0,14047.0,13272.0,1856.0,2216.0,Open,CAT B,1020,6482000
298,8051.0,10492.0,11114.0,1000.0,1215.0,Open,CAT A,1070,5252000
299,7097.0,13252.0,13997.0,1313.0,1586.0,Covered,CAT C,420,4594000
300,4219.0,5927.0,7860.0,1494.0,1799.0,Open,CAT C,510,3897000
301,9908.0,12872.0,13554.0,1386.0,1674.0,No Parking,CAT B,1210,5861000
302,8913.0,7116.0,12276.0,1979.0,2364.0,Not Provided,CAT C,660,3081000
303,7964.0,17040.0,14582.0,1057.0,1264.0,Open,CAT B,360,4773000
304,4019.0,7091.0,8720.0,902.0,1093.0,Covered,CAT A,1210,6464000
305,9242.0,13331.0,13748.0,1644.0,2003.0,No Parking,CAT C,-110,3275000
306,8801.0,11775.0,12950.0,1347.0,1622.0,Open,CAT B,560,4486000
307,10720.0,13072.0,14860.0,1314.0,1576.0,Covered,CAT B,360,5566000
308,8556.0,11931.0,13511.0,1513.0,1803.0,Not Provided,CAT C,970,5753000
309,8933.0,14064.0,14874.0,1305.0,1548.0,Not Provided,CAT A,480,7520000
310,8100.0,9239.0,10996.0,1180.0,1436.0,No Parking,CAT B,690,3733000
311,9354.0,8578.0,10360.0,1142.0,1352.0,Not Provided,CAT C,710,3528000
312,10692.0,13202.0,16298.0,1471.0,1768.0,Not Provided,CAT A,780,7061000
313,12386.0,12834.0,13614.0,1075.0,1288.0,Not Provided,CAT C,630,4972000
314,8541.0,13767.0,13081.0,1578.0,1885.0,Covered,CAT A,220,6885000
315,8450.0,10286.0,13820.0,1585.0,1916.0,Covered,CAT C,1110,5074000
316,9803.0,14989.0,14259.0,1391.0,1648.0,Open,CAT A,720,7707000
317,11142.0,10953.0,14331.0,1577.0,1892.0,Open,CAT A,560,7473000
318,9851.0,13410.0,16916.0,1092.0,1314.0,Open,CAT A,600,7653000
319,6089.0,13147.0,10479.0,1375.0,1681.0,Open,CAT A,440,6890000
320,11240.0,9781.0,15232.0,1523.0,1813.0,Covered,CAT A,520,4496000
321,10349.0,10540.0,14593.0,1373.0,1654.0,Not Provided,CAT B,410,4149000
322,6237.0,11896.0,12512.0,1550.0,1871.0,Covered,CAT A,590,7432000
323,5516.0,9426.0,11457.0,1614.0,1946.0,Covered,CAT A,740,7380000
325,8362.0,9041.0,13899.0,1566.0,1889.0,Covered,CAT B,610,5640000
326,4603.0,9103.0,10753.0,2019.0,2396.0,Covered,CAT A,540,7157000
327,4904.0,11562.0,12490.0,1494.0,1806.0,Open,CAT B,1450,4364000
328,9722.0,13414.0,13617.0,1659.0,2008.0,No Parking,CAT C,620,3512000
329,8884.0,6700.0,11772.0,1766.0,2131.0,Covered,CAT B,340,5867000
330,10457.0,16441.0,17743.0,1293.0,1554.0,Covered,CAT A,970,7580000
331,3114.0,7163.0,8477.0,1375.0,1659.0,Covered,CAT A,1080,7664000
332,9132.0,11092.0,13571.0,1236.0,1484.0,No Parking,CAT B,560,3189000
333,11416.0,11521.0,18432.0,1332.0,1586.0,No Parking,CAT C,630,6167000
334,7492.0,12257.0,11623.0,1513.0,1825.0,Covered,CAT A,980,7595000
335,9464.0,10762.0,13998.0,1208.0,1459.0,Open,CAT C,930,4149000
336,7960.0,15487.0,11348.0,1190.0,1429.0,Open,CAT B,470,6617000
337,4850.0,12848.0,11995.0,1448.0,1734.0,Open,CAT C,680,3798000
338,9308.0,18281.0,18532.0,1771.0,2147.0,Open,CAT C,430,6271000
339,5889.0,12646.0,10210.0,1365.0,1645.0,Not Provided,CAT A,830,6047000
340,5622.0,11612.0,11735.0,1510.0,1810.0,No Parking,CAT C,950,3523000
341,6509.0,11842.0,12569.0,1458.0,1736.0,Open,CAT B,870,4855000
342,13991.0,16736.0,17999.0,1808.0,2157.0,Not Provided,CAT C,730,5681000
343,8257.0,11489.0,12600.0,1615.0,1954.0,Open,CAT B,760,4108000
344,7259.0,11982.0,13297.0,1640.0,1948.0,Covered,CAT C,960,5127000
345,7197.0,7872.0,11113.0,1060.0,1273.0,Open,CAT B,860,5750000
346,9119.0,11639.0,14374.0,1633.0,1968.0,Open,CAT C,330,8147000
347,9375.0,9562.0,12062.0,1222.0,1473.0,Not Provided,CAT A,630,4957000
348,12946.0,11622.0,15214.0,1619.0,1957.0,Open,CAT B,1280,4558000
349,10948.0,11622.0,14879.0,1624.0,1973.0,No Parking,CAT C,1440,4466000
350,5790.0,14387.0,9654.0,1887.0,2278.0,Open,CAT A,570,7624000
351,9107.0,9300.0,17103.0,1320.0,1583.0,Not Provided,CAT B,540,4372000
352,11198.0,10781.0,16789.0,1450.0,1750.0,Open,CAT C,480,4670000
353,8278.0,16251.0,13857.0,1455.0,1764.0,Covered,CAT A,390,8469000
354,7364.0,7633.0,12153.0,966.0,1172.0,Not Provided,CAT A,900,8547000
355,8692.0,9271.0,12352.0,1922.0,2290.0,Open,CAT A,290,8041000
356,8256.0,16042.0,16071.0,1678.0,1999.0,Not Provided,CAT C,740,4665000
357,11986.0,17552.0,19014.0,1638.0,1952.0,Not Provided,CAT A,690,8184000
359,4604.0,5839.0,7428.0,1145.0,1375.0,Open,CAT A,950,6359000
361,4846.0,6375.0,9920.0,2004.0,2390.0,Open,CAT B,930,5013000
362,15321.0,11916.0,16620.0,1954.0,2378.0,Covered,CAT C,810,4582000
363,7618.0,7083.0,10051.0,1577.0,1879.0,Covered,CAT A,760,8671000
364,9666.0,10668.0,16002.0,1766.0,2138.0,Open,CAT B,580,4998000
365,7318.0,9441.0,12192.0,1362.0,1634.0,Not Provided,CAT A,770,8294000
366,8927.0,10229.0,13380.0,1886.0,2228.0,Open,CAT C,1530,4035000
367,8197.0,14389.0,13108.0,1291.0,1546.0,Open,CAT A,420,9395000
368,6276.0,10973.0,13016.0,1584.0,1897.0,Not Provided,CAT C,1210,4731000
369,7338.0,8547.0,12034.0,1397.0,1686.0,No Parking,CAT B,850,2130000
370,9410.0,12397.0,15927.0,1445.0,1709.0,Open,CAT A,1340,6218000
371,7047.0,9529.0,14945.0,1433.0,1707.0,Not Provided,CAT B,1160,6146000
372,7788.0,10946.0,14208.0,1269.0,1511.0,Open,CAT C,500,5436000
373,7373.0,8907.0,11449.0,1798.0,2134.0,Covered,CAT A,820,7205000
374,9415.0,12467.0,12841.0,1514.0,1822.0,Covered,CAT C,670,4809000
375,6792.0,11510.0,14652.0,1015.0,1216.0,No Parking,CAT C,460,2731000
376,604.0,6231.0,4922.0,1495.0,1799.0,Open,CAT B,950,5716000
377,12898.0,12966.0,15635.0,1759.0,2095.0,Open,CAT C,980,3419000
378,6153.0,10234.0,10502.0,1219.0,1468.0,Covered,CAT B,850,3560000
379,7281.0,8521.0,13216.0,1571.0,1877.0,Open,CAT B,580,5467000
380,8475.0,14837.0,13124.0,1404.0,1670.0,Open,CAT A,620,7673000
382,9913.0,12642.0,15044.0,1124.0,1369.0,No Parking,CAT B,650,6354000
383,6650.0,6080.0,10017.0,1514.0,1837.0,Open,CAT B,1130,3669000
384,10027.0,11992.0,15660.0,1207.0,1476.0,Open,CAT A,720,8737000
385,5558.0,8275.0,10846.0,1484.0,1774.0,No Parking,CAT A,940,5980000
386,5162.0,6611.0,9842.0,1398.0,1678.0,No Parking,CAT B,920,4803000
387,8283.0,14385.0,15540.0,1769.0,2112.0,Open,CAT A,660,9665000
388,6469.0,10114.0,11295.0,1111.0,1322.0,Not Provided,CAT A,610,6550000
389,7754.0,9915.0,9861.0,1078.0,1305.0,Covered,CAT A,1190,5553000
390,9689.0,10159.0,11554.0,1876.0,2254.0,No Parking,CAT C,1340,2165000
391,13015.0,15026.0,15586.0,1909.0,2306.0,Not Provided,CAT C,820,3194000
392,5944.0,7143.0,12384.0,1940.0,2343.0,Covered,CAT A,1130,8469000
393,3132.0,8369.0,8805.0,1391.0,1683.0,Open,CAT B,890,6839000
394,7508.0,10841.0,11927.0,1496.0,1774.0,Not Provided,CAT A,810,7549000
395,3772.0,6427.0,10119.0,1412.0,1699.0,Open,CAT B,680,3920000
396,12545.0,14209.0,16889.0,1121.0,1345.0,No Parking,CAT A,320,8567000
397,12012.0,8507.0,12364.0,1691.0,2026.0,Open,CAT C,700,6053000
398,11605.0,12579.0,16088.0,1599.0,1946.0,Open,CAT B,940,7809000
400,9154.0,12441.0,14070.0,1208.0,1467.0,Not Provided,CAT B,910,5072000
401,9468.0,11604.0,13764.0,1454.0,1737.0,Not Provided,CAT C,870,2309000
402,8044.0,14513.0,15360.0,1555.0,1881.0,Covered,CAT A,1260,9136000
403,7317.0,7638.0,13712.0,1554.0,1852.0,Open,CAT B,440,4812000
404,6860.0,12712.0,12638.0,1491.0,1800.0,Not Provided,CAT A,980,7562000
405,7270.0,9499.0,11654.0,1415.0,1697.0,Open,CAT B,1200,3942000
406,6832.0,13517.0,9360.0,1487.0,1801.0,Open,CAT B,890,5113000
407,6830.0,12550.0,12612.0,1339.0,1589.0,Not Provided,CAT C,1050,3389000
408,7823.0,9200.0,13495.0,1320.0,1562.0,Covered,CAT A,610,8717000
409,8773.0,13547.0,15551.0,1509.0,1799.0,No Parking,CAT A,960,3860000
410,6947.0,9487.0,10385.0,1406.0,1680.0,Not Provided,CAT A,860,6098000
411,7083.0,7275.0,10474.0,1264.0,1502.0,Open,CAT A,800,7941000
412,10057.0,8292.0,13595.0,1905.0,2280.0,Open,CAT B,1060,8235000
413,7214.0,13739.0,13314.0,1209.0,1464.0,Covered,CAT C,600,3674000
414,7935.0,7911.0,10691.0,1546.0,1829.0,Not Provided,CAT B,380,2772000
415,5787.0,14151.0,14705.0,1689.0,2044.0,Open,CAT C,1140,3226000
416,9259.0,8471.0,12891.0,1153.0,1381.0,No Parking,CAT B,730,5327000
417,11445.0,5955.0,13648.0,2063.0,2493.0,Covered,CAT C,810,5148000
418,6650.0,8409.0,12131.0,1848.0,2254.0,Open,CAT B,1000,5997000
419,6858.0,12850.0,12287.0,1718.0,2056.0,Covered,CAT A,1220,8360000
420,11309.0,8252.0,13199.0,1480.0,1773.0,Covered,CAT B,360,6302000
421,5727.0,5902.0,10754.0,1439.0,1724.0,Not Provided,CAT A,900,5092000
422,9328.0,13093.0,12841.0,1576.0,1896.0,Not Provided,CAT B,750,5645000
423,4049.0,4402.0,8614.0,1948.0,2374.0,Open,CAT A,930,8954000
424,5440.0,12550.0,11734.0,1613.0,1893.0,Not Provided,CAT C,1180,4603000
426,12977.0,12302.0,16496.0,896.0,1059.0,Open,CAT A,870,7511000
427,11246.0,10333.0,13997.0,1625.0,1943.0,Not Provided,CAT A,680,7452000
428,16233.0,15074.0,18566.0,1303.0,1587.0,No Parking,CAT A,1310,10231000
429,6824.0,6352.0,8577.0,1340.0,1605.0,Not Provided,CAT B,1000,5340000
430,4127.0,8367.0,9533.0,1410.0,1704.0,Open,CAT B,1130,5976000
431,6214.0,14164.0,14555.0,1432.0,1719.0,Covered,CAT B,990,4954000
432,12322.0,10530.0,16409.0,1891.0,2280.0,Covered,CAT C,360,5156000
433,5389.0,10389.0,11111.0,1322.0,1583.0,Open,CAT A,720,4951000
434,5900.0,10980.0,12617.0,1378.0,1670.0,Covered,CAT C,950,5861000
435,11537.0,13214.0,17191.0,1462.0,1732.0,Not Provided,CAT A,840,6826000
436,12794.0,17541.0,20046.0,1440.0,1733.0,No Parking,CAT A,1120,6531000
437,9405.0,12156.0,15118.0,1421.0,1724.0,Covered,CAT A,920,5209000
438,5508.0,7881.0,10157.0,1280.0,1530.0,Open,CAT C,1240,4386000
439,13275.0,9872.0,15303.0,1431.0,1710.0,Covered,CAT A,840,7417000
441,7807.0,9674.0,12678.0,1161.0,1404.0,Covered,CAT C,430,5838000
442,8634.0,11628.0,12786.0,1175.0,1405.0,Open,CAT A,810,9120000
443,11031.0,12462.0,13010.0,1395.0,1662.0,Open,CAT A,920,9094000
444,6266.0,13767.0,12066.0,1443.0,1755.0,Not Provided,CAT C,880,4933000
445,5359.0,8372.0,11239.0,1247.0,1523.0,Open,CAT C,1350,5350000
446,9569.0,10441.0,12905.0,1788.0,2133.0,Open,CAT B,1000,5459000
447,6465.0,10915.0,10058.0,1138.0,1375.0,Not Provided,CAT B,1220,5745000
448,10068.0,10816.0,13429.0,1709.0,2042.0,Open,CAT C,430,3324000
449,5499.0,10606.0,10603.0,1777.0,2145.0,Covered,CAT A,520,8079000
450,8395.0,12601.0,13089.0,1612.0,1918.0,Covered,CAT B,580,6100000
451,9204.0,10843.0,14663.0,1618.0,1943.0,Open,CAT B,460,4762000
452,6885.0,7314.0,10673.0,1311.0,1571.0,No Parking,CAT B,470,7209000
453,5728.0,10253.0,11216.0,1365.0,1638.0,Covered,CAT A,680,10292000
454,6669.0,11500.0,11948.0,1249.0,1503.0,Open,CAT A,950,6197000
455,4846.0,9003.0,10135.0,1373.0,1635.0,No Parking,CAT A,840,6104000
456,8850.0,10060.0,11765.0,1536.0,1836.0,Not Provided,CAT B,990,5206000
457,12862.0,12087.0,17686.0,1744.0,2101.0,No Parking,CAT A,520,6957000
458,13925.0,14473.0,17746.0,1513.0,1820.0,Open,CAT B,520,6602000
459,11082.0,12407.0,14913.0,1297.0,1561.0,Not Provided,CAT B,1070,4000000
460,3971.0,7129.0,5913.0,1908.0,2304.0,Open,CAT A,990,7950000
461,7136.0,8734.0,9830.0,1721.0,2076.0,No Parking,CAT A,710,7630000
462,6736.0,13652.0,12823.0,1243.0,1491.0,Open,CAT A,430,6903000
463,10701.0,15780.0,15366.0,1472.0,1766.0,Open,CAT B,1290,5714000
464,9089.0,14320.0,13391.0,1307.0,1570.0,Not Provided,CAT B,1080,4171000
465,7753.0,8307.0,13508.0,1628.0,1959.0,Not Provided,CAT C,890,7148000
466,10162.0,10094.0,12564.0,1556.0,1869.0,Covered,CAT C,1000,3301000
467,9393.0,11121.0,12596.0,1179.0,1428.0,Open,CAT A,1290,7457000
468,10272.0,8355.0,13586.0,1768.0,2123.0,Not Provided,CAT B,860,4959000
469,7265.0,12325.0,12060.0,1378.0,1656.0,Open,CAT A,1010,7317000
470,7457.0,12005.0,13976.0,1685.0,2015.0,Open,CAT A,1160,7922000
471,6475.0,8198.0,9766.0,1474.0,1759.0,Open,CAT A,880,7588000
472,8032.0,7922.0,9846.0,1794.0,2137.0,No Parking,CAT B,670,6761000
473,10709.0,10849.0,17155.0,1086.0,1291.0,Covered,CAT A,930,6909000
474,4783.0,11103.0,9602.0,1808.0,2154.0,Open,CAT C,990,3522000
475,5381.0,5177.0,8992.0,1501.0,1790.0,Not Provided,CAT B,450,5394000
476,5258.0,9505.0,8580.0,1353.0,1598.0,No Parking,CAT B,690,5666000
477,8799.0,10559.0,14496.0,1455.0,1757.0,No Parking,CAT A,650,6752000
478,10063.0,10671.0,14466.0,1165.0,1411.0,Not Provided,CAT C,1020,3862000
480,11238.0,14329.0,15943.0,1332.0,1610.0,Open,CAT C,880,3889000
481,6284.0,11514.0,11302.0,1396.0,1668.0,Covered,CAT A,760,7927000
482,6855.0,11349.0,11719.0,1513.0,1821.0,Open,CAT C,690,4288000
483,9914.0,11558.0,16360.0,1618.0,1940.0,Covered,CAT C,630,4424000
484,7971.0,8165.0,12202.0,1845.0,2233.0,No Parking,CAT B,370,4319000
486,5845.0,5999.0,10472.0,1172.0,1411.0,No Parking,CAT A,460,7455000
488,9881.0,12215.0,14248.0,1436.0,1737.0,Covered,CAT B,770,5709000
489,7132.0,9530.0,11594.0,1738.0,2065.0,No Parking,CAT B,750,5648000
490,6063.0,8269.0,10928.0,2229.0,2667.0,Covered,CAT A,660,8741000
491,11487.0,12958.0,17196.0,1490.0,1783.0,Open,CAT A,730,8137000
492,11888.0,15672.0,16427.0,1060.0,1279.0,Open,CAT A,670,9736000
493,3553.0,6062.0,7649.0,2015.0,2436.0,Covered,CAT B,680,7796000
494,9590.0,10173.0,13574.0,1611.0,1919.0,Covered,CAT A,960,7124000
495,11139.0,14537.0,17452.0,1187.0,1417.0,Open,CAT C,1230,5894000
496,12787.0,12142.0,15454.0,1430.0,1690.0,Open,CAT A,800,7895000
497,8193.0,12666.0,14844.0,1543.0,1840.0,Covered,CAT C,450,3638000
498,10452.0,10978.0,16079.0,1836.0,2195.0,Not Provided,CAT C,940,4516000
499,9337.0,9865.0,11171.0,1463.0,1764.0,Covered,CAT B,1060,6905000
500,7531.0,15408.0,14394.0,1213.0,1462.0,Covered,CAT B,560,5683000
501,8558.0,13467.0,15079.0,1244.0,1480.0,Open,CAT A,860,9353000
503,7905.0,10054.0,15182.0,1745.0,2108.0,Covered,CAT B,730,4692000
504,5044.0,9458.0,12063.0,933.0,1121.0,Open,CAT A,940,5599000
505,8346.0,11640.0,12725.0,1764.0,2132.0,Covered,CAT C,920,4084000
506,5464.0,7752.0,11406.0,1675.0,2002.0,Open,CAT B,1050,6499000
507,7678.0,14228.0,14778.0,1688.0,2046.0,Open,CAT B,380,5355000
508,7205.0,9682.0,13179.0,1842.0,2204.0,No Parking,CAT C,930,5132000
509,8344.0,8916.0,11192.0,1316.0,1597.0,Not Provided,CAT C,980,3656000
510,6049.0,11589.0,10343.0,1440.0,1719.0,Covered,CAT B,580,6605000
511,10814.0,14071.0,17512.0,1760.0,2111.0,No Parking,CAT C,680,5240000
512,6390.0,10143.0,9685.0,1323.0,1571.0,Open,CAT C,850,2797000
513,2992.0,5718.0,5446.0,1230.0,1466.0,Open,CAT C,730,6710000
514,9363.0,13333.0,14529.0,1540.0,1838.0,Open,CAT C,570,4371000
515,8865.0,8515.0,12294.0,1167.0,1388.0,No Parking,CAT B,620,3860000
516,7127.0,8762.0,10749.0,1429.0,1695.0,Covered,CAT B,890,5389000
517,10670.0,10435.0,16607.0,1491.0,1770.0,Not Provided,CAT C,800,5261000
518,9172.0,14024.0,12540.0,1313.0,1574.0,Open,CAT B,920,4313000
519,9800.0,9133.0,13657.0,1609.0,1943.0,Open,CAT B,920,4030000
520,7998.0,12742.0,13303.0,1109.0,1342.0,Not Provided,CAT B,760,4975000
521,4068.0,7624.0,6764.0,1207.0,1440.0,No Parking,CAT B,500,4384000
522,10531.0,11054.0,15189.0,902.0,1087.0,Not Provided,CAT A,680,5682000
523,8588.0,13937.0,8728.0,1191.0,1422.0,Open,CAT C,770,3635000
524,9074.0,7556.0,12666.0,1335.0,1601.0,Open,CAT B,460,5082000
525,7073.0,14107.0,14781.0,1382.0,1660.0,No Parking,CAT A,1070,8372000
526,2756.0,5325.0,6808.0,1588.0,1906.0,Not Provided,CAT B,450,4697000
527,6756.0,5976.0,9051.0,1918.0,2284.0,No Parking,CAT B,310,7802000
528,7360.0,8950.0,13140.0,1484.0,1774.0,Not Provided,CAT B,880,4508000
529,6934.0,14287.0,12528.0,1334.0,1607.0,No Parking,CAT C,370,5516000
530,6569.0,13470.0,12541.0,1556.0,1846.0,No Parking,CAT A,760,7202000
531,6979.0,10242.0,10270.0,1784.0,2142.0,Covered,CAT B,950,6401000
532,5584.0,10514.0,11003.0,1244.0,1477.0,No Parking,CAT B,890,2784000
533,6750.0,11495.0,13016.0,1496.0,1787.0,Open,CAT C,800,5807000
534,10320.0,11719.0,14343.0,1719.0,2058.0,Covered,CAT B,700,5176000
535,8590.0,11229.0,12737.0,1678.0,2022.0,Open,CAT B,1050,6605000
536,5991.0,12588.0,12015.0,1247.0,1490.0,Open,CAT B,330,6575000
537,7056.0,10860.0,12856.0,1191.0,1421.0,Covered,CAT B,980,6582000
538,7765.0,7313.0,10302.0,1832.0,2208.0,Covered,CAT B,1090,4676000
539,7894.0,11648.0,10009.0,1271.0,1523.0,Not Provided,CAT A,1140,5094000
540,11999.0,12241.0,14575.0,1735.0,2084.0,Open,CAT A,820,5644000
541,8063.0,11923.0,12361.0,1627.0,1948.0,No Parking,CAT C,890,3261000
542,6493.0,14696.0,14315.0,1351.0,1616.0,Covered,CAT B,650,6277000
543,7669.0,10444.0,12941.0,1520.0,1817.0,Open,CAT A,850,6360000
544,4116.0,11266.0,11661.0,1490.0,1788.0,Covered,CAT C,360,4584000
546,9089.0,9503.0,13179.0,1777.0,2117.0,Not Provided,CAT B,780,3828000
547,7996.0,6753.0,9959.0,1688.0,2037.0,Covered,CAT B,590,5096000
548,9916.0,12241.0,15485.0,1537.0,1836.0,No Parking,CAT C,670,3948000
549,10340.0,14340.0,17721.0,1622.0,1968.0,Covered,CAT C,340,6961000
550,6514.0,11008.0,11301.0,1148.0,1384.0,Open,CAT B,730,4780000
552,8230.0,10705.0,11862.0,1001.0,1194.0,Covered,CAT C,1210,4489000
553,16850.0,15553.0,22407.0,1857.0,2236.0,No Parking,CAT A,1280,6742000
554,11014.0,10848.0,14405.0,1552.0,1869.0,Open,CAT A,710,7887000
555,8917.0,9699.0,11425.0,1700.0,2064.0,Not Provided,CAT A,940,7031000
556,9927.0,11760.0,12555.0,1554.0,1844.0,Not Provided,CAT C,670,3853000
557,9059.0,11486.0,11984.0,1482.0,1777.0,Open,CAT A,800,7757000
558,14005.0,9744.0,17121.0,1275.0,1517.0,Covered,CAT B,790,5992000
559,6427.0,13284.0,13775.0,1642.0,1981.0,Open,CAT C,720,5445000
560,6440.0,10689.0,13561.0,1381.0,1633.0,Not Provided,CAT C,1270,5025000
561,3167.0,9659.0,8682.0,1381.0,1634.0,Open,CAT B,930,3079000
562,5579.0,11928.0,11294.0,1057.0,1262.0,Open,CAT C,1490,3542000
563,5876.0,13703.0,7564.0,1192.0,1445.0,Covered,CAT B,810,4347000
564,11812.0,13363.0,17040.0,1601.0,1920.0,No Parking,CAT C,600,6100000
565,10881.0,13649.0,15717.0,1622.0,1968.0,Not Provided,CAT A,210,6478000
567,2314.0,8933.0,8231.0,1607.0,1909.0,Open,CAT C,460,3903000
568,9559.0,9796.0,13278.0,2214.0,2647.0,Open,CAT B,740,6590000
569,4113.0,12277.0,10937.0,1633.0,1936.0,Open,CAT B,1320,4605000
570,8836.0,10580.0,14360.0,1546.0,1845.0,No Parking,CAT B,760,5907000
571,9281.0,8825.0,11191.0,1475.0,1753.0,Not Provided,CAT B,920,4467000
572,10724.0,14028.0,16129.0,1270.0,1519.0,Not Provided,CAT A,920,5839000
573,9109.0,10436.0,11963.0,1185.0,1420.0,Open,CAT A,880,8037000
574,9684.0,11953.0,15162.0,1614.0,1938.0,Open,CAT B,1110,5323000
575,8363.0,11994.0,12873.0,1141.0,1353.0,Open,CAT A,1370,7200000
576,9021.0,11522.0,13615.0,1244.0,1481.0,Open,CAT A,410,8404000
577,7175.0,5750.0,12044.0,869.0,1050.0,Not Provided,CAT B,850,5254000
578,11897.0,12621.0,15693.0,2049.0,2465.0,Not Provided,CAT B,720,6351000
579,5266.0,6740.0,8531.0,1883.0,2262.0,No Parking,CAT B,570,4224000
580,9547.0,11233.0,13642.0,1526.0,1842.0,Open,CAT C,690,3958000
581,5277.0,9221.0,9414.0,1165.0,1390.0,No Parking,CAT B,1220,5461000
582,10453.0,11981.0,14868.0,1832.0,2185.0,Open,CAT A,840,8733000
583,6736.0,14813.0,14125.0,1723.0,2072.0,Covered,CAT A,560,8841000
584,1648.0,4950.0,6583.0,932.0,1138.0,Open,CAT B,820,8976000
585,3784.0,10365.0,9878.0,1137.0,1374.0,Covered,CAT A,700,10178000
586,11335.0,12652.0,15503.0,1231.0,1472.0,Open,CAT B,810,7029000
587,11826.0,16146.0,16532.0,1237.0,1512.0,Covered,CAT A,1070,8821000
588,10961.0,17111.0,15477.0,1371.0,1650.0,Covered,CAT A,540,8716000
589,7570.0,8829.0,12505.0,1767.0,2158.0,Open,CAT B,530,4154000
590,5738.0,8270.0,10242.0,1748.0,2092.0,Open,CAT B,580,4917000
591,6237.0,10793.0,12774.0,1212.0,1440.0,Open,CAT B,500,6395000
592,8081.0,9852.0,14028.0,1466.0,1743.0,Covered,CAT A,1200,7081000
593,6344.0,9442.0,14746.0,1152.0,1386.0,Open,CAT B,980,4959000
594,11139.0,11743.0,15206.0,1439.0,1703.0,Open,CAT B,1000,6729000
596,7284.0,11172.0,13742.0,2026.0,2400.0,Not Provided,CAT C,720,5124000
597,6270.0,11440.0,9163.0,1772.0,2146.0,Open,CAT B,1030,4854000
598,2017.0,8473.0,9077.0,1511.0,1822.0,Open,CAT B,420,7241000
599,5908.0,10764.0,11187.0,1199.0,1461.0,Not Provided,CAT B,1070,5437000
600,8655.0,10639.0,14020.0,1834.0,2184.0,Covered,CAT A,830,9446000
601,13070.0,16770.0,19497.0,1143.0,1375.0,No Parking,CAT A,940,8516000
602,7348.0,6714.0,10920.0,1494.0,1794.0,Covered,CAT C,550,5213000
603,12951.0,12503.0,15166.0,1770.0,2131.0,Not Provided,CAT B,1140,5465000
604,5212.0,9235.0,9335.0,1455.0,1747.0,Open,CAT A,750,6932000
605,6177.0,6009.0,9642.0,1141.0,1372.0,Not Provided,CAT B,620,5148000
606,9374.0,13102.0,13706.0,1586.0,1886.0,Covered,CAT C,660,5006000
607,6967.0,12104.0,11007.0,1701.0,2034.0,No Parking,CAT A,660,6218000
608,10314.0,12431.0,12349.0,1860.0,2246.0,Open,CAT A,410,7978000
609,3543.0,7722.0,8175.0,1167.0,1406.0,Open,CAT C,440,4286000
610,3685.0,6787.0,8033.0,1424.0,1716.0,Open,CAT B,630,5441000
611,12580.0,14692.0,17517.0,1710.0,2053.0,Open,CAT B,730,6939000
612,8176.0,12223.0,14233.0,1408.0,1708.0,Not Provided,CAT B,220,4281000
613,9015.0,9628.0,12697.0,1517.0,1831.0,No Parking,CAT C,610,3084000
614,7002.0,8425.0,11450.0,1227.0,1476.0,Not Provided,CAT B,720,5626000
615,8272.0,8092.0,12626.0,1609.0,1930.0,Open,CAT B,740,7647000
616,9726.0,11935.0,15318.0,1553.0,1831.0,No Parking,CAT C,740,3568000
617,5572.0,13280.0,11351.0,1814.0,2174.0,Open,CAT A,770,9007000
618,10440.0,11464.0,15648.0,1240.0,1493.0,Open,CAT B,590,3312000
619,5189.0,9059.0,10863.0,1206.0,1437.0,No Parking,CAT A,1330,5406000
620,9935.0,15807.0,18595.0,1847.0,2186.0,Not Provided,CAT B,910,7512000
621,7300.0,12541.0,13715.0,1009.0,1202.0,No Parking,CAT C,330,4160000
622,4619.0,10768.0,11787.0,1624.0,1946.0,Covered,CAT C,870,2027000
623,10773.0,12323.0,16823.0,1612.0,1931.0,Open,CAT B,790,6006000
624,11124.0,8732.0,14790.0,1498.0,1805.0,Open,CAT A,1270,8227000
625,10489.0,12274.0,13086.0,946.0,1125.0,No Parking,CAT B,590,2917000
626,8270.0,14406.0,15231.0,1563.0,1872.0,No Parking,CAT A,1080,6842000
627,5985.0,12402.0,11559.0,1664.0,2016.0,Open,CAT B,830,5913000
628,4955.0,12586.0,14979.0,1619.0,1947.0,Covered,CAT A,910,7433000
629,9188.0,13997.0,14768.0,1433.0,1722.0,Open,CAT A,830,7708000
630,11801.0,11283.0,14728.0,1241.0,1489.0,Not Provided,CAT A,1380,7625000
631,9006.0,13952.0,14368.0,1429.0,1720.0,Open,CAT A,1180,5954000
632,9667.0,12214.0,14277.0,1241.0,1488.0,Not Provided,CAT A,770,5469000
633,3605.0,11017.0,12447.0,1078.0,1306.0,Not Provided,CAT A,680,8436000
634,8846.0,11995.0,12883.0,1690.0,2065.0,Not Provided,CAT B,910,5142000
635,6976.0,13119.0,13556.0,1289.0,1536.0,No Parking,CAT A,540,6512000
636,8050.0,11347.0,13218.0,1581.0,1894.0,No Parking,CAT C,760,4938000
637,5760.0,8577.0,9947.0,1608.0,1945.0,Not Provided,CAT B,760,3783000
638,11209.0,10016.0,14328.0,1344.0,1608.0,Open,CAT C,730,3598000
639,7739.0,13750.0,14696.0,1513.0,1804.0,Not Provided,CAT A,430,6919000
640,5761.0,7680.0,10875.0,1529.0,1839.0,Open,CAT B,1000,5059000
641,3702.0,7220.0,12065.0,1677.0,2014.0,Open,CAT A,660,6080000
642,7570.0,11481.0,13873.0,1015.0,1229.0,Not Provided,CAT C,930,3118000
643,7804.0,14219.0,12142.0,1438.0,1751.0,Open,CAT A,760,7779000
644,8283.0,11709.0,15284.0,1426.0,1718.0,No Parking,CAT C,370,4757000
645,8451.0,11465.0,12406.0,1412.0,1701.0,Not Provided,CAT A,630,6913000
646,6666.0,10531.0,12005.0,1622.0,1944.0,Covered,CAT A,360,7597000
647,12337.0,13653.0,15193.0,1503.0,1791.0,Open,CAT C,630,6835000
648,7188.0,12268.0,12783.0,1501.0,1789.0,Open,CAT C,670,4168000
649,10632.0,14276.0,13109.0,1971.0,2342.0,Covered,CAT B,690,8656000
650,11310.0,12783.0,15627.0,1383.0,1687.0,Open,CAT A,830,8139000
651,6745.0,5772.0,9747.0,1371.0,1635.0,Covered,CAT A,720,5073000
652,8645.0,10897.0,15845.0,1508.0,1823.0,No Parking,CAT A,520,7129000
653,6714.0,7862.0,10067.0,1057.0,1284.0,Open,CAT A,750,7011000
654,8351.0,11696.0,13422.0,1411.0,1680.0,Covered,CAT A,1070,6159000
655,7673.0,12311.0,13146.0,1466.0,1746.0,Covered,CAT C,590,6937000
656,9792.0,10755.0,15681.0,1545.0,1888.0,Covered,CAT B,600,6711000
657,11255.0,9174.0,16617.0,2044.0,2408.0,Not Provided,CAT B,380,8202000
658,8148.0,12093.0,13164.0,1887.0,2264.0,Not Provided,CAT C,830,6205000
659,8168.0,15365.0,15215.0,1505.0,1836.0,Open,CAT C,940,6173000
660,9545.0,9831.0,12811.0,1422.0,1722.0,Open,CAT C,560,5866000
661,7550.0,11193.0,13279.0,1564.0,1869.0,Covered,CAT B,1030,5337000
662,8707.0,14403.0,13703.0,1510.0,1810.0,No Parking,CAT C,730,3970000
663,5632.0,9765.0,9859.0,1568.0,1920.0,Not Provided,CAT C,890,5375000
664,4778.0,9811.0,11385.0,1933.0,2338.0,Not Provided,CAT B,1140,4473000
665,5222.0,8952.0,11776.0,1501.0,1822.0,No Parking,CAT B,590,4935000
666,10014.0,11682.0,13425.0,1593.0,1911.0,Open,CAT B,580,4334000
667,14637.0,15127.0,14763.0,1812.0,2189.0,No Parking,CAT A,310,7809000
668,7903.0,7881.0,11860.0,1580.0,1895.0,Open,CAT B,720,5495000
669,12359.0,13926.0,15304.0,1440.0,1749.0,Not Provided,CAT A,490,7553000
670,9751.0,10544.0,12888.0,1100.0,1331.0,No Parking,CAT B,1010,5733000
671,5947.0,8114.0,11272.0,1534.0,1841.0,Covered,CAT A,680,8793000
672,10809.0,12539.0,15552.0,1299.0,1555.0,Not Provided,CAT B,1020,5685000
673,12389.0,12020.0,17056.0,1767.0,2121.0,No Parking,CAT A,1050,7843000
674,5598.0,12246.0,10900.0,1368.0,1649.0,Not Provided,CAT B,740,6366000
675,5539.0,13503.0,11421.0,1393.0,1670.0,Covered,CAT A,410,6296000
676,10370.0,11615.0,14419.0,1327.0,1590.0,Open,CAT A,770,8187000
677,8128.0,14461.0,15753.0,1514.0,1794.0,Covered,CAT B,1400,5482000
678,7288.0,9560.0,12531.0,1989.0,2414.0,No Parking,CAT A,860,11632000
679,9823.0,13861.0,14579.0,1334.0,1584.0,Not Provided,CAT B,840,5720000
680,5351.0,6435.0,12231.0,1533.0,1817.0,Covered,CAT A,950,8436000
681,6685.0,10345.0,8646.0,1809.0,2145.0,Not Provided,CAT B,940,3653000
682,9329.0,11050.0,12306.0,1607.0,1933.0,Not Provided,CAT A,930,8126000
683,13823.0,16489.0,17178.0,1165.0,1387.0,Not Provided,CAT A,1060,8235000
684,7431.0,11293.0,10991.0,1193.0,1430.0,Covered,CAT A,560,8083000
685,8759.0,12879.0,13776.0,1709.0,2065.0,No Parking,CAT C,670,3061000
686,9420.0,13980.0,13290.0,1525.0,1839.0,No Parking,CAT B,540,5131000
687,7846.0,7486.0,12195.0,1348.0,1623.0,No Parking,CAT A,1010,7294000
689,5038.0,14034.0,11450.0,1132.0,1366.0,Covered,CAT B,1340,5245000
690,5059.0,7402.0,10629.0,1667.0,2020.0,Not Provided,CAT A,980,6607000
691,8012.0,5276.0,11844.0,1427.0,1720.0,No Parking,CAT B,630,4319000
692,4079.0,8940.0,9831.0,1211.0,1447.0,Open,CAT B,1110,4073000
693,8406.0,12039.0,13144.0,1717.0,2048.0,Not Provided,CAT A,700,7853000
694,7408.0,9188.0,12475.0,1766.0,2111.0,No Parking,CAT A,580,9469000
695,7468.0,16525.0,15383.0,1086.0,1299.0,No Parking,CAT B,1050,4440000
696,10985.0,13935.0,16737.0,1410.0,1692.0,Open,CAT A,790,7380000
697,5481.0,13129.0,12275.0,1476.0,1760.0,Not Provided,CAT B,600,3739000
698,6750.0,10899.0,11479.0,1068.0,1278.0,Open,CAT A,440,6412000
699,5874.0,10389.0,8292.0,1485.0,1785.0,Not Provided,CAT A,1340,6616000
700,5627.0,13099.0,10068.0,1461.0,1739.0,Covered,CAT C,1250,2231000
701,3844.0,9029.0,8292.0,1685.0,2010.0,Open,CAT C,990,6238000
702,9209.0,10610.0,13222.0,1624.0,1958.0,Open,CAT A,290,6385000
703,7290.0,8691.0,10953.0,1658.0,2000.0,Not Provided,CAT C,350,3621000
704,8729.0,9922.0,11314.0,1427.0,1677.0,Not Provided,CAT B,210,5459000
705,8861.0,10181.0,15112.0,1755.0,2072.0,No Parking,CAT B,810,6961000
706,6497.0,12467.0,12711.0,1211.0,1472.0,Open,CAT B,790,6539000
707,4697.0,6004.0,10759.0,1591.0,1896.0,Open,CAT A,780,7813000
708,8503.0,6922.0,10746.0,1797.0,2126.0,Open,CAT B,730,5571000
709,12135.0,10244.0,15410.0,1519.0,1823.0,Open,CAT A,1040,6921000
710,8510.0,10041.0,13369.0,1637.0,1958.0,Open,CAT A,760,5994000
711,9597.0,10662.0,11556.0,1451.0,1750.0,Not Provided,CAT A,570,7255000
712,9175.0,11210.0,14991.0,1203.0,1446.0,Open,CAT B,620,4426000
713,5640.0,8331.0,12309.0,1884.0,2262.0,Open,CAT A,310,5691000
714,11607.0,14783.0,16502.0,1540.0,1820.0,Not Provided,CAT B,310,8239000
715,7384.0,9611.0,9463.0,1121.0,1332.0,Not Provided,CAT A,790,5459000
716,10847.0,12430.0,15104.0,1307.0,1562.0,No Parking,CAT A,490,6999000
717,4984.0,9442.0,11597.0,1475.0,1775.0,Covered,CAT B,230,7274000
718,5171.0,10686.0,12522.0,1160.0,1401.0,Open,CAT B,900,3536000
719,11232.0,10818.0,16408.0,1078.0,1276.0,Not Provided,CAT A,640,9437000
720,4229.0,7736.0,11164.0,1191.0,1436.0,Open,CAT B,840,4352000
721,10940.0,8714.0,12405.0,1317.0,1569.0,Covered,CAT C,780,3600000
722,8499.0,7295.0,13189.0,1548.0,1858.0,Not Provided,CAT A,480,9948000
723,9644.0,10754.0,13529.0,1560.0,1883.0,Open,CAT A,1040,8322000
724,6419.0,13341.0,9727.0,1297.0,1529.0,Covered,CAT B,870,5294000
725,10989.0,13153.0,13797.0,1645.0,1958.0,Covered,CAT B,530,9336000
726,13247.0,11126.0,16434.0,1225.0,1455.0,Open,CAT B,750,7359000
727,11487.0,12079.0,14156.0,1421.0,1704.0,Not Provided,CAT B,840,5384000
728,7015.0,10387.0,11876.0,1655.0,1956.0,Open,CAT B,800,4735000
729,8862.0,9304.0,14033.0,1615.0,1928.0,Covered,CAT A,660,6508000
730,7798.0,10244.0,11170.0,1872.0,2262.0,Open,CAT C,560,6205000
731,10300.0,11870.0,15364.0,1317.0,1581.0,Not Provided,CAT C,910,3002000
732,4101.0,13623.0,11261.0,1434.0,1729.0,No Parking,CAT B,480,4951000
733,10947.0,14084.0,16646.0,1791.0,2167.0,Open,CAT A,700,6432000
734,8701.0,8969.0,12290.0,932.0,1120.0,Covered,CAT B,660,3559000
735,5922.0,10858.0,11683.0,1609.0,1924.0,Covered,CAT C,1170,6305000
736,6868.0,11800.0,12496.0,1495.0,1793.0,Open,CAT B,1020,6530000
737,11041.0,11886.0,15799.0,1769.0,2153.0,Not Provided,CAT A,580,6956000
738,5913.0,7138.0,9401.0,1693.0,2032.0,Open,CAT C,610,4191000
739,10073.0,10474.0,13497.0,1247.0,1497.0,Open,CAT B,590,2833000
740,7091.0,9344.0,11297.0,1502.0,1815.0,No Parking,CAT C,190,5598000
741,11849.0,9005.0,14370.0,1360.0,1612.0,Open,CAT B,490,6108000
742,12973.0,15178.0,18836.0,1542.0,1844.0,Open,CAT B,680,5138000
743,7574.0,11711.0,15247.0,1631.0,1947.0,Open,CAT A,670,8441000
744,9085.0,12731.0,14181.0,1246.0,1482.0,Open,CAT B,1070,6068000
745,4301.0,11537.0,10992.0,1990.0,2384.0,Open,CAT B,1110,6469000
746,4203.0,7115.0,8579.0,967.0,1154.0,Open,CAT B,560,4578000
747,6753.0,14224.0,12767.0,1582.0,1894.0,Not Provided,CAT C,1100,4180000
748,7254.0,11059.0,14195.0,1430.0,1743.0,Open,CAT B,970,5323000
750,9173.0,11072.0,14919.0,1827.0,2160.0,No Parking,CAT B,930,3616000
751,6915.0,11441.0,13186.0,1118.0,1338.0,Open,CAT B,1040,4045000
752,9971.0,10233.0,16692.0,1766.0,2109.0,Open,CAT B,1120,5791000
753,9399.0,9367.0,15170.0,1799.0,2173.0,Not Provided,CAT C,910,3628000
754,10130.0,12675.0,16231.0,1167.0,1411.0,Not Provided,CAT C,440,3919000
755,8627.0,12260.0,14990.0,1493.0,1795.0,Not Provided,CAT B,530,6238000
756,10496.0,13162.0,14686.0,1445.0,1734.0,Open,CAT B,900,2147000
757,9258.0,9702.0,15077.0,1033.0,1237.0,Open,CAT C,740,3461000
758,6728.0,9506.0,13849.0,1440.0,1711.0,Covered,CAT A,1020,8812000
759,5262.0,9483.0,11328.0,1487.0,1773.0,Open,CAT B,970,5919000
760,7730.0,7539.0,12454.0,1854.0,2205.0,No Parking,CAT C,890,3629000
761,1241.0,6690.0,6422.0,1748.0,2086.0,Not Provided,CAT B,550,5376000
762,6093.0,7010.0,9201.0,1937.0,2310.0,Open,CAT A,520,6630000
763,8274.0,11673.0,13345.0,1641.0,1999.0,Covered,CAT B,950,9300000
764,10247.0,11917.0,14754.0,1659.0,1999.0,Covered,CAT A,650,6566000
765,4244.0,9371.0,7845.0,1743.0,2061.0,Open,CAT B,860,8193000
766,5097.0,4574.0,9365.0,1449.0,1733.0,Covered,CAT C,320,6006000
767,4917.0,7983.0,8409.0,1098.0,1309.0,No Parking,CAT A,860,5953000
768,6365.0,12640.0,13601.0,1121.0,1351.0,Open,CAT C,900,4638000
769,5951.0,9976.0,9312.0,1526.0,1858.0,Open,CAT A,550,7620000
770,8074.0,11854.0,13745.0,1358.0,1645.0,Not Provided,CAT C,770,5686000
771,8985.0,14620.0,15158.0,1336.0,1616.0,Open,CAT B,710,8662000
772,5217.0,9329.0,10885.0,1502.0,1802.0,No Parking,CAT B,840,4973000
773,8541.0,12045.0,14243.0,1534.0,1858.0,Open,CAT A,860,8837000
774,7067.0,10289.0,15577.0,1418.0,1699.0,No Parking,CAT B,870,4916000
775,5947.0,12991.0,10227.0,854.0,1018.0,Not Provided,CAT A,660,7774000
776,7374.0,11516.0,14480.0,1450.0,1728.0,Not Provided,CAT C,930,3856000
777,9404.0,11783.0,13882.0,1474.0,1776.0,No Parking,CAT A,1020,5199000
778,11446.0,12213.0,16569.0,1524.0,1819.0,Open,CAT C,1190,3997000
779,7805.0,9491.0,13544.0,1361.0,1638.0,Open,CAT B,1140,4604000
780,7684.0,7671.0,13192.0,1398.0,1683.0,Open,CAT B,490,4950000
781,7646.0,11556.0,12778.0,1085.0,1308.0,Open,CAT B,1170,7667000
782,8618.0,10717.0,12286.0,1660.0,1979.0,Covered,CAT C,480,7580000
783,8104.0,10396.0,15870.0,1648.0,2017.0,No Parking,CAT A,930,8172000
784,11243.0,10747.0,15220.0,1453.0,1749.0,Covered,CAT B,890,5844000
785,11436.0,11270.0,15073.0,1323.0,1591.0,Not Provided,CAT A,680,8572000
786,12794.0,11457.0,16229.0,1385.0,1643.0,No Parking,CAT C,740,7094000
787,12095.0,9405.0,14191.0,1250.0,1506.0,Covered,CAT B,990,6242000
788,9585.0,14223.0,15252.0,1389.0,1683.0,No Parking,CAT B,680,5688000
789,12262.0,12066.0,13268.0,1486.0,1758.0,Not Provided,CAT A,820,10182000
790,7376.0,12607.0,11282.0,1655.0,1993.0,Not Provided,CAT A,440,8689000
791,14470.0,14517.0,18178.0,1645.0,1963.0,Open,CAT C,900,4730000
792,10178.0,7223.0,14855.0,1464.0,1771.0,No Parking,CAT C,1080,3127000
793,10532.0,12849.0,17962.0,1197.0,1428.0,Not Provided,CAT B,830,6541000
795,7089.0,11023.0,13672.0,1878.0,2264.0,Not Provided,CAT A,310,5420000
796,6944.0,12427.0,12710.0,1150.0,1378.0,Not Provided,CAT A,730,6739000
797,4937.0,9926.0,12712.0,1562.0,1881.0,Open,CAT B,740,5453000
798,9240.0,9365.0,13101.0,1596.0,1939.0,Not Provided,CAT A,960,7976000
799,8055.0,7191.0,12428.0,1119.0,1345.0,Not Provided,CAT A,790,7806000
800,8872.0,12192.0,14561.0,1116.0,1347.0,Open,CAT A,700,7408000
801,8284.0,13014.0,14525.0,1934.0,2349.0,Open,CAT C,750,5299000
802,6710.0,11558.0,12516.0,1299.0,1540.0,No Parking,CAT A,590,7058000
803,11033.0,9554.0,16471.0,1417.0,1689.0,No Parking,CAT C,570,3431000
804,8603.0,11358.0,12631.0,1235.0,1503.0,Covered,CAT A,660,7416000
805,8975.0,12811.0,15983.0,1497.0,1815.0,Not Provided,CAT B,700,5919000
806,5076.0,12426.0,13916.0,1430.0,1704.0,Not Provided,CAT C,1070,4337000
807,8016.0,11723.0,14084.0,1537.0,1877.0,Open,CAT C,660,1767000
808,10888.0,12334.0,13248.0,1444.0,1742.0,Covered,CAT B,840,5671000
809,11162.0,17227.0,15805.0,1477.0,1798.0,No Parking,CAT C,850,5982000
810,8221.0,10396.0,12215.0,1041.0,1246.0,Open,CAT C,600,3619000
812,3228.0,9427.0,8678.0,1226.0,1472.0,No Parking,CAT A,710,6044000
813,6477.0,12491.0,12168.0,1489.0,1783.0,Open,CAT A,450,7530000
814,5736.0,8874.0,9142.0,1549.0,1871.0,Covered,CAT B,740,7408000
815,7404.0,8906.0,8603.0,1073.0,1280.0,Open,CAT C,1240,6044000
816,3003.0,7425.0,8635.0,1473.0,1785.0,Open,CAT A,570,8072000
817,8912.0,8622.0,12611.0,2013.0,2396.0,Open,CAT C,580,4706000
818,4035.0,5870.0,10523.0,1975.0,2368.0,Covered,CAT A,450,8683000
819,8995.0,10230.0,13308.0,1561.0,1877.0,Covered,CAT A,790,5679000
820,5424.0,6768.0,10459.0,1427.0,1723.0,Not Provided,CAT A,1040,6709000
821,7223.0,14785.0,15856.0,1441.0,1747.0,Not Provided,CAT C,670,4437000
822,8130.0,11848.0,13787.0,1275.0,1548.0,Open,CAT A,370,8297000
823,9054.0,10247.0,13668.0,1574.0,1876.0,Not Provided,CAT A,620,5623000
824,8606.0,14626.0,14267.0,1511.0,1791.0,No Parking,CAT B,1010,5376000
825,10896.0,12078.0,13838.0,1428.0,1713.0,No Parking,CAT C,550,5539000
826,8085.0,14677.0,14071.0,1388.0,1672.0,Open,CAT A,800,7350000
827,8574.0,13442.0,14039.0,1057.0,1280.0,Covered,CAT C,610,4105000
828,7921.0,9155.0,13610.0,1440.0,1747.0,Covered,CAT B,1090,6732000
829,7929.0,13867.0,14846.0,1349.0,1610.0,Open,CAT B,700,6589000
830,12772.0,16247.0,17250.0,1536.0,1808.0,Open,CAT C,830,5638000
831,11719.0,11627.0,16141.0,2019.0,2420.0,Not Provided,CAT B,850,8567000
832,7256.0,6832.0,11747.0,1236.0,1508.0,Covered,CAT B,1260,7083000
833,8441.0,10093.0,13715.0,1436.0,1715.0,Open,CAT B,1030,4818000
834,8607.0,8125.0,10064.0,1862.0,2248.0,Not Provided,CAT B,1160,5191000
835,8598.0,5134.0,9461.0,1200.0,1442.0,Not Provided,CAT C,880,4432000
836,8952.0,10380.0,13594.0,1360.0,1650.0,No Parking,CAT A,420,5894000
837,10180.0,11465.0,14967.0,1722.0,2078.0,Open,CAT A,770,7361000
838,7613.0,12937.0,12438.0,1577.0,1902.0,No Parking,CAT C,910,5406000
839,8681.0,13158.0,15062.0,1850.0,2214.0,Covered,CAT A,1110,8500000
840,3286.0,10258.0,10623.0,1447.0,1730.0,Covered,CAT C,510,4903000
841,6233.0,11562.0,9659.0,1496.0,1800.0,Not Provided,CAT A,780,6330000
842,11977.0,9765.0,13321.0,1679.0,2008.0,Open,CAT A,790,8430000
843,8826.0,7816.0,15012.0,994.0,1194.0,Open,CAT A,1090,8139000
844,10410.0,13110.0,16559.0,1354.0,1635.0,Covered,CAT A,1270,9590000
846,9418.0,9913.0,14103.0,1597.0,1918.0,Open,CAT A,1260,7183000
847,8740.0,10899.0,13447.0,1873.0,2252.0,Covered,CAT C,330,7931000
848,9847.0,12288.0,15977.0,1218.0,1459.0,Open,CAT A,540,8789000
849,8339.0,9392.0,10785.0,1458.0,1746.0,Not Provided,CAT C,720,4861000
850,9721.0,10530.0,14692.0,1546.0,1860.0,Covered,CAT A,670,7316000
851,6988.0,11932.0,12292.0,1608.0,1962.0,Open,CAT B,770,3628000
852,4494.0,9538.0,10227.0,1822.0,2160.0,Open,CAT B,860,4972000
853,8216.0,11665.0,12694.0,1716.0,2038.0,Not Provided,CAT B,410,4440000
854,146.0,1666.0,3227.0,1072.0,1296.0,Open,CAT C,900,4759000
855,10550.0,15272.0,16738.0,1330.0,1604.0,Open,CAT C,480,5146000
856,4894.0,7778.0,11048.0,1588.0,1892.0,Open,CAT C,540,5775000
857,9154.0,10416.0,16288.0,1425.0,1733.0,Open,CAT B,760,6600000
858,7756.0,9038.0,10210.0,1778.0,2133.0,Open,CAT B,280,4595000
859,10662.0,12056.0,16089.0,1363.0,1630.0,Open,CAT C,1120,5390000
860,4385.0,7297.0,9569.0,1609.0,1928.0,Not Provided,CAT C,160,3792000
861,3284.0,7836.0,9240.0,1671.0,2024.0,Not Provided,CAT B,620,6310000
862,10593.0,10246.0,15143.0,1379.0,1636.0,No Parking,CAT C,440,3677000
863,12181.0,15244.0,16983.0,1218.0,1452.0,Covered,CAT C,870,4391000
864,5663.0,11526.0,9346.0,1724.0,2101.0,Open,CAT B,900,6639000
865,3800.0,8105.0,9028.0,986.0,1179.0,Not Provided,CAT B,710,5916000
866,6486.0,4644.0,9312.0,1330.0,1606.0,Covered,CAT C,590,3851000
867,7216.0,12943.0,12133.0,1437.0,1725.0,Open,CAT B,910,4622000
868,7873.0,11161.0,13081.0,1327.0,1609.0,Open,CAT C,1320,4150000
870,4966.0,8278.0,11349.0,1651.0,2009.0,Open,CAT B,1000,5816000
871,8062.0,9702.0,13106.0,1211.0,1462.0,Not Provided,CAT B,670,3853000
872,5000.0,12943.0,14131.0,1916.0,2277.0,Covered,CAT B,610,5588000
873,9858.0,11997.0,16321.0,1638.0,1937.0,Open,CAT A,1050,7094000
874,9855.0,11962.0,15007.0,1172.0,1413.0,Open,CAT B,480,5394000
875,9997.0,12349.0,13043.0,1350.0,1606.0,Covered,CAT A,770,4303000
876,11090.0,10120.0,14193.0,1528.0,1843.0,Covered,CAT C,340,5982000
877,5925.0,9388.0,9735.0,1305.0,1557.0,Covered,CAT B,580,5550000
878,10071.0,12531.0,16707.0,1463.0,1751.0,Not Provided,CAT B,900,4999000
879,9755.0,13857.0,15011.0,1409.0,1727.0,No Parking,CAT B,700,4298000
880,7234.0,11952.0,14681.0,1419.0,1743.0,Not Provided,CAT A,860,6597000
881,6916.0,7956.0,11608.0,1535.0,1819.0,No Parking,CAT A,540,5929000
882,8487.0,13020.0,15515.0,1474.0,1745.0,Not Provided,CAT A,970,6302000
883,13354.0,13720.0,14403.0,919.0,1099.0,Open,CAT B,1560,7381000
884,7315.0,14823.0,12817.0,2067.0,2492.0,Not Provided,CAT C,790,7023000
885,11751.0,12708.0,15442.0,1977.0,2362.0,No Parking,CAT B,1020,5995000
886,6189.0,12084.0,11926.0,1293.0,1558.0,Open,CAT A,790,7810000
887,8572.0,9942.0,14479.0,1477.0,1790.0,Open,CAT C,880,1637000
888,11103.0,12451.0,17711.0,1582.0,1906.0,Covered,CAT A,550,9264000
889,11581.0,11561.0,15935.0,1481.0,1789.0,Not Provided,CAT B,550,6354000
890,10396.0,14997.0,15491.0,1214.0,1455.0,Covered,CAT A,950,8722000
891,7647.0,7118.0,8842.0,1206.0,1460.0,No Parking,CAT B,810,4199000
892,9866.0,10124.0,14776.0,1653.0,1982.0,Covered,CAT A,390,7941000
893,10191.0,9752.0,14157.0,1152.0,1393.0,Not Provided,CAT B,860,5438000
894,8320.0,11644.0,12967.0,1458.0,1757.0,Not Provided,CAT A,850,5860000
895,6096.0,8908.0,12009.0,1249.0,1510.0,Open,CAT B,660,4895000
896,6630.0,10006.0,10402.0,1939.0,2333.0,Not Provided,CAT B,830,4067000
897,6208.0,10158.0,11935.0,1591.0,1919.0,Not Provided,CAT B,640,5234000
898,5243.0,7079.0,8592.0,1180.0,1397.0,Open,CAT C,750,3914000
899,10208.0,12161.0,16663.0,1846.0,2195.0,Open,CAT C,1170,4109000
900,8475.0,8742.0,12781.0,780.0,951.0,Covered,CAT C,790,2560000
901,11805.0,13503.0,16890.0,1565.0,1854.0,Open,CAT A,900,10090000
902,11304.0,17958.0,19046.0,1648.0,1959.0,No Parking,CAT A,370,7708000
903,7767.0,13460.0,9901.0,1775.0,2104.0,Covered,CAT A,980,10515000
904,12834.0,11668.0,17029.0,1439.0,1732.0,Open,CAT A,1170,8058000
905,6171.0,5639.0,10068.0,1487.0,1776.0,Not Provided,CAT C,800,4623000
906,10172.0,12781.0,14850.0,1800.0,2158.0,Open,CAT A,1100,9826000
907,7821.0,14264.0,15354.0,1690.0,2024.0,Not Provided,CAT A,1070,7593000
908,11264.0,12005.0,13876.0,1209.0,1452.0,Open,CAT C,830,5205000
909,7124.0,11688.0,12853.0,1859.0,2222.0,Covered,CAT A,1210,8700000
910,4775.0,6455.0,7672.0,1691.0,2023.0,No Parking,CAT B,540,6027000
911,8650.0,11399.0,11434.0,1259.0,1493.0,Open,CAT A,100,8827000
912,7550.0,12641.0,14060.0,1771.0,2138.0,Not Provided,CAT B,820,5782000
913,8979.0,10075.0,13734.0,1205.0,1468.0,Open,CAT B,1210,6121000
914,9652.0,9102.0,12608.0,1792.0,2131.0,No Parking,CAT A,810,7642000
916,8929.0,12396.0,12930.0,1263.0,1516.0,Covered,CAT A,780,7098000
917,9866.0,11461.0,15834.0,1344.0,1605.0,No Parking,CAT A,1160,7674000
918,10022.0,12911.0,16307.0,1819.0,2187.0,Not Provided,CAT B,590,4792000
919,6741.0,11479.0,11152.0,1357.0,1625.0,Open,CAT A,1140,5216000
920,10840.0,11137.0,15466.0,1396.0,1673.0,Open,CAT C,690,3274000
921,9205.0,10418.0,14496.0,1118.0,1337.0,Open,CAT A,560,7227000
922,9538.0,11551.0,12839.0,1655.0,1986.0,Covered,CAT B,1150,7743000
923,11786.0,13969.0,15519.0,1156.0,1398.0,Open,CAT A,140,9237000
924,9615.0,7904.0,12521.0,1451.0,1734.0,Open,CAT C,670,3488000
925,7176.0,5779.0,12382.0,1539.0,1829.0,Open,CAT B,650,4658000
926,10915.0,17486.0,15964.0,1549.0,1851.0,Not Provided,CAT C,1220,7062000
927,12176.0,8518.0,15673.0,1582.0,1910.0,Covered,CAT C,1080,6639000
928,7214.0,8717.0,10553.0,1387.0,1663.0,Open,CAT A,850,8208000
929,7423.0,11708.0,13220.0,1200.0,1436.0,Open,CAT A,1060,7644000
930,15082.0,14700.0,19617.0,1299.0,1560.0,Open,CAT B,770,9661000
931,9297.0,12537.0,14418.0,1174.0,1429.0,Covered,CAT C,1110,5434000
